{"loss": 0.0010725284228101373, "_timestamp": 1673361035.6337948, "_runtime": 79.89791369438171, "_step": 781, "_wandb": {"runtime": 97}}