{"loss": 0.00027552462415769696, "_timestamp": 1673361307.1124923, "_runtime": 80.58203339576721, "_step": 782, "examples": {"_type": "images/separated", "width": 28, "height": 28, "format": "png", "count": 3, "filenames": ["media/images/examples_782_6d3b151ae5d4f54c75dc.png", "media/images/examples_782_13d250f2258ee328ca2b.png", "media/images/examples_782_c5214bae977d51a7af42.png"]}, "_wandb": {"runtime": 87}}